{
  "version": 1,
  "constraints": {
    "seg_cap": 35,
    "seg_max_pass": 37,
    "seg_min_fail": 36,
    "height_floor": 1.0399825511984546,
    "height_ceil": 1.6565467151802054,
    "param_ranges": {
      "neck_pitch_deg": {
        "lo": -20.0,
        "hi": 30.1
      },
      "hip_pitch_deg": {
        "lo": -30.0,
        "hi": 111.4
      },
      "shoulder_pitch_deg": {
        "lo": -40.0,
        "hi": 161.7
      },
      "elbow_deg": {
        "lo": 19.9,
        "hi": 150.5
      },
      "stifle_deg": {
        "lo": 19.9,
        "hi": 130.1
      },
      "hock_deg": {
        "lo": 30.0,
        "hi": 140.0
      }
    }
  },
  "sweet_spot": {},
  "best": {
    "params": {
      "body_length_m": 1.2245926197068633,
      "head_ratio": 0.18750425446843366,
      "neck_ratio": 0.3741811228926295,
      "hind_leg_ratio": 0.7431674884270973,
      "front_leg_ratio": 0.6362921233148978,
      "body_radius_ratio": 0.12565696204142518,
      "tail_ratio": 0.33999511417071576,
      "limb_radius": 0.057449158942317044,
      "seg": 26,
      "neck_pitch_deg": 2.8832014468313636,
      "hip_pitch_deg": 17.469346120098137,
      "stifle_deg": 72.6579734348145,
      "hock_deg": 62.251416549128024,
      "shoulder_pitch_deg": -39.93000964451124,
      "elbow_deg": 33.593911511478524,
      "tail_pitch_deg": 5.762957265891986
    },
    "score": 69.46,
    "realized": {
      "height_m": 1.1135904949524682,
      "body_length_m": 1.2245926197068633,
      "head_ratio": 0.18750425446843366,
      "neck_ratio": 0.3741811228926295,
      "hind_leg_ratio": 0.7431674884270973,
      "front_leg_ratio": 0.6362921233148978,
      "tail_ratio": 0.33999511417071576,
      "body_radius_ratio": 0.12565696204142518,
      "tail_pitch_deg": 5.762957265891986,
      "back_slope_deg": 2.81,
      "shoulder_height_m": 0.752,
      "hind_reach_ratio": 0.101,
      "limb_radius": 0.057449158942317044,
      "tris": 10916,
      "neck_pitch_deg": 2.8832014468313636,
      "hip_pitch_deg": 17.469346120098137,
      "stifle_deg": 72.6579734348145,
      "hock_deg": 62.251416549128024,
      "shoulder_pitch_deg": -39.93000964451124,
      "elbow_deg": 33.593911511478524
    }
  },
  "stats": {
    "total": 2102,
    "valid": 2025,
    "failed": 77,
    "by_kind": {
      "anatomy": 55,
      "budget": 8,
      "scale": 14
    }
  },
  "top_k": [],
  "visual_reviews": [
    [
      {
        "score": 97.46,
        "engine_score": 82.46,
        "visual": 7.5,
        "notes": "4本の脚が接地し、後肢の屈曲構造と上がった尾でイヌ科らしさが最もよく読める。胴の水平も自然"
      },
      {
        "score": 95.12,
        "engine_score": 82.12,
        "visual": 6.5,
        "notes": "概ね良いが後肢が短く見え、腰がやや沈む。後脚の接地が曖昧"
      },
      {
        "score": 92.37,
        "engine_score": 80.37,
        "visual": 6,
        "notes": "胴は水平だが後躯が低く、後肢の折りたたみが窮屈。前肢は良い"
      },
      {
        "score": 83.49,
        "engine_score": 75.49,
        "visual": 4,
        "notes": "後躯が崩れて座り込んだように見える。立位の目標から外れ、破綻に近い"
      }
    ]
  ]
}