{
  "version": 1,
  "constraints": {
    "seg_cap": 35,
    "seg_max_pass": 37,
    "seg_min_fail": 36,
    "height_floor": 0.5570249958224488,
    "height_ceil": 1.6565467151802054,
    "param_ranges": {
      "neck_pitch_deg": {
        "lo": -20.0,
        "hi": 30.2
      },
      "hip_pitch_deg": {
        "lo": -30.0,
        "hi": 111.6
      },
      "shoulder_pitch_deg": {
        "lo": -40.0,
        "hi": 162.3
      },
      "elbow_deg": {
        "lo": 19.9,
        "hi": 150.5
      },
      "stifle_deg": {
        "lo": 19.9,
        "hi": 130.1
      },
      "hock_deg": {
        "lo": 29.7,
        "hi": 140.0
      }
    }
  },
  "sweet_spot": {},
  "best": {
    "params": {
      "body_length_m": 1.0856610411494634,
      "head_ratio": 0.2178297231466258,
      "neck_ratio": 0.4,
      "hind_leg_ratio": 0.742327048790375,
      "front_leg_ratio": 0.6133229732778533,
      "body_radius_ratio": 0.12759439340546802,
      "tail_ratio": 0.3036610365026601,
      "limb_radius": 0.06006798464101783,
      "seg": 20,
      "neck_pitch_deg": 4.517616961121351,
      "hip_pitch_deg": 26.45637991389821,
      "stifle_deg": 95.77218274022715,
      "hock_deg": 69.19683460400023,
      "shoulder_pitch_deg": -31.170040165343284,
      "elbow_deg": 49.013198799796555,
      "tail_pitch_deg": -3.862105717650042
    },
    "score": 74.54,
    "realized": {
      "height_m": 1.097998183220625,
      "body_length_m": 1.0856610411494634,
      "head_ratio": 0.2178297231466258,
      "neck_ratio": 0.4,
      "hind_leg_ratio": 0.742327048790375,
      "front_leg_ratio": 0.6133229732778533,
      "tail_ratio": 0.3036610365026601,
      "body_radius_ratio": 0.12759439340546802,
      "tail_pitch_deg": -3.862105717650042,
      "back_slope_deg": -0.81,
      "shoulder_height_m": 0.665,
      "hind_reach_ratio": 0.111,
      "limb_radius": 0.06006798464101783,
      "tris": 8000,
      "neck_pitch_deg": 4.517616961121351,
      "hip_pitch_deg": 26.45637991389821,
      "stifle_deg": 95.77218274022715,
      "hock_deg": 69.19683460400023,
      "shoulder_pitch_deg": -31.170040165343284,
      "elbow_deg": 49.013198799796555
    }
  },
  "stats": {
    "total": 1302,
    "valid": 1236,
    "failed": 66,
    "by_kind": {
      "anatomy": 50,
      "budget": 8,
      "scale": 8
    }
  },
  "top_k": [],
  "visual_reviews": [
    [
      {
        "score": 97.46,
        "engine_score": 82.46,
        "visual": 7.5,
        "notes": "4本の脚が接地し、後肢の屈曲構造と上がった尾でイヌ科らしさが最もよく読める。胴の水平も自然"
      },
      {
        "score": 95.12,
        "engine_score": 82.12,
        "visual": 6.5,
        "notes": "概ね良いが後肢が短く見え、腰がやや沈む。後脚の接地が曖昧"
      },
      {
        "score": 92.37,
        "engine_score": 80.37,
        "visual": 6,
        "notes": "胴は水平だが後躯が低く、後肢の折りたたみが窮屈。前肢は良い"
      },
      {
        "score": 83.49,
        "engine_score": 75.49,
        "visual": 4,
        "notes": "後躯が崩れて座り込んだように見える。立位の目標から外れ、破綻に近い"
      }
    ]
  ]
}