{
  "version": 1,
  "constraints": {
    "seg_cap": 37,
    "seg_max_pass": 37,
    "seg_min_fail": 38,
    "height_floor": 0.5479838814375042,
    "height_ceil": 1.8065467151802055,
    "param_ranges": {
      "neck_pitch_deg": {
        "lo": -20.1,
        "hi": 30.2
      },
      "hip_pitch_deg": {
        "lo": -30.2,
        "hi": 111.6
      },
      "shoulder_pitch_deg": {
        "lo": -40.0,
        "hi": 162.3
      },
      "elbow_deg": {
        "lo": 19.8,
        "hi": 150.5
      },
      "stifle_deg": {
        "lo": 19.6,
        "hi": 130.1
      },
      "hock_deg": {
        "lo": 29.6,
        "hi": 140.1
      }
    }
  },
  "sweet_spot": {},
  "best": {
    "params": {
      "body_length_m": 1.1269650731362404,
      "head_ratio": 0.18335208437962394,
      "neck_ratio": 0.30753788789403547,
      "hind_leg_ratio": 0.5255256111674111,
      "front_leg_ratio": 0.6519427512121866,
      "body_radius_ratio": 0.14937922376269824,
      "tail_ratio": 0.26132567757324243,
      "limb_radius": 0.04393895670475915,
      "seg": 19,
      "neck_pitch_deg": -0.3740662851878893,
      "hip_pitch_deg": 34.04010274794496,
      "stifle_deg": 80.9267585836175,
      "hock_deg": 70.82266860325727,
      "shoulder_pitch_deg": -36.0,
      "elbow_deg": 43.43765561882496,
      "tail_pitch_deg": -43.45356058343067
    },
    "score": 70.9,
    "realized": {
      "height_m": 1.202436402440071,
      "body_length_m": 1.1269650731362404,
      "head_ratio": 0.18335208437962394,
      "neck_ratio": 0.30753788789403547,
      "hind_leg_ratio": 0.5255256111674111,
      "front_leg_ratio": 0.6519427512121866,
      "tail_ratio": 0.26132567757324243,
      "body_radius_ratio": 0.14937922376269824,
      "tail_pitch_deg": -43.45356058343067,
      "back_slope_deg": -9.81,
      "shoulder_height_m": 0.712,
      "limb_radius": 0.04393895670475915,
      "tris": 6232,
      "neck_pitch_deg": -0.3740662851878893,
      "hip_pitch_deg": 34.04010274794496,
      "stifle_deg": 80.9267585836175,
      "hock_deg": 70.82266860325727,
      "shoulder_pitch_deg": -36.0,
      "elbow_deg": 43.43765561882496
    }
  },
  "stats": {
    "total": 652,
    "valid": 599,
    "failed": 53,
    "by_kind": {
      "anatomy": 42,
      "budget": 7,
      "scale": 4
    }
  },
  "top_k": [],
  "visual_reviews": [
    [
      {
        "score": 97.46,
        "engine_score": 82.46,
        "visual": 7.5,
        "notes": "4本の脚が接地し、後肢の屈曲構造と上がった尾でイヌ科らしさが最もよく読める。胴の水平も自然"
      },
      {
        "score": 95.12,
        "engine_score": 82.12,
        "visual": 6.5,
        "notes": "概ね良いが後肢が短く見え、腰がやや沈む。後脚の接地が曖昧"
      },
      {
        "score": 92.37,
        "engine_score": 80.37,
        "visual": 6,
        "notes": "胴は水平だが後躯が低く、後肢の折りたたみが窮屈。前肢は良い"
      },
      {
        "score": 83.49,
        "engine_score": 75.49,
        "visual": 4,
        "notes": "後躯が崩れて座り込んだように見える。立位の目標から外れ、破綻に近い"
      }
    ]
  ]
}